index,word1,word2,PKL_D(word1),PKL_R(word1),PKL_D(word2),PKL_R(word2),DIFF_SQ,LOGP_D(word1),LOGP_R(word1),LOGP_D(word2),LOGP_R(word2),P_D(word1),P_R(word1),P_D(word2),P_R(word2),google_valence_word1,google_valence_word2,pattern_valence_word1,pattern_valence_word2,crr_valence_word1,crr_valence_word2
1,colleague,friend,0.366569402582715,-0.5285201019568901,-4.582399700110336,6.210930375442807,9.634752544542428e-07,0.048837547226660984,-0.048837547226661046,-0.4169713593773391,0.4169713593773392,0.000844583155997765,0.0008164711605485247,0.0010046534197837625,0.0013413346801605368,0.0,0.10000000149011612,0.0,0.0,5.26,6.79
2,particularly,especially,2.3166174622057256,-1.8428573563372077,-0.8842551779259746,0.8708228391064713,1.6933005435331029e-07,0.5059787326846432,-0.5059787326846432,-0.17158643383398817,0.17158643383398817,0.00043986905070985614,0.00030974808516273417,0.0004374197307419336,0.0004926642311104688,0.10000000149011612,0.0,0.16666666666666666,0.0,,
3,acknowledge,recognize,1.0018945603104523,-0.7950827377651916,-2.594509714757443,3.80059398594622,3.6219788441672814e-07,0.6581229186561414,-0.6581229186561415,-0.5596460759008248,0.5596460759008248,0.00015243414859188596,9.659786550463012e-05,0.0004182574039340689,0.0006164727629544314,0.10000000149011612,0.10000000149011612,0.0,0.0,6.43,6.14
4,measure,legislation,0.6248318238547554,-0.7379487190210811,-2.5360439201236504,2.627393464702919,2.35597842912903e-07,0.15793440230108152,-0.15793440230108163,-0.07417600926571233,0.07417600926571231,0.0004132146863530519,0.00037036740295202475,0.003082397140807947,0.003245023131333944,0.0,0.0,0.0,0.0,5.14,3.55
5,months,years,0.49255802204061166,-0.6405481043720045,-8.017150350152553,9.591955768005915,2.5647036286772043e-06,0.08781478891394487,-0.08781478891394492,-0.21998730987161644,0.2199873098716165,0.0006031090226896358,0.000567493563543633,0.0033560005889894133,0.0039088122196451035,0.0,0.10000000149011612,0.0,0.0,5.78,5.75
6,essentially,basically,0.5603377412306305,-0.5787834445631793,-1.13488842305737,1.7724638580280543,7.993212600699416e-08,0.4184480998190671,-0.4184480998190673,-0.7436634784066923,0.7436634784066923,0.00014162832520399232,0.00010597042835484463,0.00013226327826781786,0.0002214645899284556,0.0,0.0,0.0,0.0,,
7,indicated,stated,1.349940828663358,-0.8722689892009564,-0.8354791489882952,0.9634966698575261,6.792159016255718e-08,0.9135976141301686,-0.9135976141301686,-0.39568205857061123,0.3956820585706113,0.0001452302663332902,7.709688796144188e-05,0.0001782240470776587,0.00023446524162391442,0.0,0.0,0.0,0.0,5.05,5.73
8,extraordinary,incredible,0.8008607857663925,-0.7282242534745434,-0.6587367057346696,0.7604906554155759,3.598508049392483e-08,0.5022664044724371,-0.5022664044724372,-0.4663324489594723,0.46633244895947246,0.00016251958375391998,0.00011473830973085174,0.00011598250436339148,0.00016024059066495764,0.30000001192092896,0.6000000238418579,0.3333333333333333,0.9,7.45,7.59
9,mother,father,0.533898783888501,-0.6272121297501381,-1.3085998319155856,1.8153855166695492,9.122225930015982e-08,0.22363701006899375,-0.22363701006899378,-0.5573548907290891,0.5573548907290891,0.00025400888843808597,0.0002175341603461076,0.00020545472201515062,0.00030234073710369363,0.10000000149011612,0.10000000149011612,0.0,0.0,7.53,6.88
10,sensible,commonsense,1.0016101420326962,-0.5171923169679634,-1.9246912160451282,2.9729770708869885,2.158124321974802e-07,1.367604121887168,-1.367604121887168,-0.6598693228959691,0.6598693228959691,7.333552139250468e-05,2.8420029287747204e-05,0.0002603483048256502,0.00041133457282957524,0.10000000149011612,0.0,0.0,0.0,6.74,
11,billion,trillion,7.571791278074346,-5.959306171543047,-2.0085089989985976,2.6933071236562776,1.704101388043625e-06,0.4442615316757619,-0.44426153167576193,-0.45725452617249274,0.4572545261724926,0.0016008467155051464,0.0011765589784390239,0.00039275566073863997,0.0005392247046244376,0.0,0.10000000149011612,0.0,0.0,6.8,5.85
12,immigrants,aliens,2.442413001840925,-1.5208395240135864,-0.6805675029140391,3.2272427193295896,2.5390741953758887e-07,0.8708813449342004,-0.8708813449342004,-2.3894857025460596,2.3894857025460596,0.0002689929635359651,0.00014708876860094696,2.3484656163022128e-05,0.0001230526800012033,0.0,0.0,0.0,0.0,5.43,4.45
13,view,opinion,0.7175296310506807,-0.7097997779070954,-0.6256255905943374,0.6770448723016512,3.0864781128150154e-08,0.39998329084761447,-0.3999832908476143,-0.4000331048824897,0.4000331048824898,0.00018470754111039487,0.00013998376127901017,0.00012750871597714468,0.0001682526201982055,0.10000000149011612,0.0,0.0,0.0,6.67,6.38
14,want,wanted,-0.8850383451406867,0.7764997706647248,-1.2825183256854313,1.5010149623590059,8.671568387532558e-08,-0.019466227335264492,0.019466227335264485,-0.32659795238904155,0.3265979523890416,0.003859407881220084,0.00391183562701614,0.0003431929507995013,0.0004303820392671079,0.10000000149011612,0.10000000149011612,0.0,0.0,6.0,6.0
15,moreover,additionally,0.6520295846832003,-0.460413171022542,-0.6384653916451425,0.7403102884429933,2.5982622599005686e-08,1.0032153400841817,-1.0032153400841817,-0.4824440596587052,0.4824440596587052,6.757241558562808e-05,3.371099218706184e-05,0.00010820231152410808,0.00015117036855184681,0.10000000149011612,0.0,0.0,0.0,,
16,aca,obamacare,4.971453382137665,-1.2421950730256601,-4.719180462883069,36.58941701855771,1.3956935547606908e-05,2.1836841008117296,-2.1836841008117296,-2.917052604192194,2.917052604192194,0.00021496384659649702,4.7316325356728056e-05,0.0001479677415915566,0.0011176025347038037,0.0,0.10000000149011612,0.0,0.0,,
17,evening,morning,0.6537900078747584,-0.6704008382045101,-1.0509327375781274,1.318201337492284,6.06718555457023e-08,0.372546672263171,-0.372546672263171,-0.4570924404629879,0.4570924404629881,0.00018240229878764425,0.00014089078349032125,0.00019810676211138296,0.0002719554930247724,0.10000000149011612,0.0,0.0,0.0,7.09,6.41
18,people,folks,5.89911006449877,-6.020755492384471,-3.6681725327382964,8.312093447548706,2.3411072970604367e-06,0.07323816467235916,-0.07323816467235929,-1.159931421291797,1.1599314212917966,0.007587128794753038,0.0072115824317658525,0.00028786713505348595,0.0006432299181881083,0.0,0.10000000149011612,0.0,0.0,5.7,6.17
19,week,year,0.7530934338627235,-0.9075666714876665,-5.5990359365533795,6.3738364287523375,1.2047775279928177e-06,0.06916211583966629,-0.06916211583966639,-0.16030721966915795,0.160307219669158,0.0011160254395016526,0.0010637858834993462,0.003202846052171668,0.003579260816202077,0.0,0.0,0.0,0.0,5.27,5.75
20,pleased,happy,1.4087547614684794,-1.354588968514897,-0.7781928774805926,0.8576048514722197,8.530356477105751e-08,0.2858861308317016,-0.2858861308317016,-0.3546151237639855,0.3546151237639855,0.00048323642190660254,0.0003963687063429424,0.0001838430752393634,0.0002350699230981218,0.699999988079071,0.4000000059604645,0.5,0.8,7.82,8.47
21,seconds,minutes,0.5753260881311185,-0.6367406061062184,-1.279601764153198,1.2762304592189069,6.613998582257018e-08,0.2933848372229724,-0.29338483722297237,-0.10884629927658351,0.10884629927658349,0.00020675142082169785,0.00016870613130386106,0.0010272736100757531,0.0011077764607479335,0.0,0.0,0.0,0.0,5.23,5.5
22,companies,manufacturers,2.8875563425227355,-2.553924496059892,-0.5656308613592971,0.5915016339705433,2.566661663853716e-07,0.3257081385107053,-0.3257081385107051,-0.3941394759313738,0.3941394759313736,0.0008463120877398281,0.0006752780363210997,0.0001152621161375319,0.0001514727092889505,0.0,0.0,0.0,0.0,5.64,4.0
23,changes,reforms,0.5217646079148024,-0.6468319401466549,-2.27237466989261,5.185973452999195,4.632353264511745e-07,0.14387238805173047,-0.1438723880517304,-1.1976010739813558,1.1976010739813558,0.00038699255493176337,0.0003502617439346291,0.00017044385423837532,0.0003909265730750759,0.10000000149011612,0.0,0.0,0.0,5.09,5.05
24,able,willing,2.333169476651891,-2.3391451580009113,-0.984943232552966,1.1568825754822158,2.183693173701884e-07,0.15805659446395953,-0.15805659446395953,-0.3814555001024901,0.3814555001024902,0.0014178681061368145,0.0012707381180468245,0.00022130326298406126,0.0002882818928283719,0.10000000149011612,0.20000000298023224,0.5,0.25,6.64,6.83
25,values,principles,2.222831877145656,-1.4816362657183073,-0.560505393790531,0.570176411067686,1.251114574672116e-07,0.7791224977557683,-0.7791224977557685,-0.3627951745586445,0.3627951745586446,0.00027446791405249783,0.00015993824992785395,0.0001239067748478468,0.00015933356845364654,0.10000000149011612,0.0,0.0,0.0,7.18,5.45
26,underserved,rural,0.868267184582201,-0.3854462496797428,-0.866525343421084,0.9223668194753818,3.9650497274992446e-08,1.6946037692555855,-1.6946037692555855,-0.279788264351358,0.2797882643513581,5.186795226188936e-05,1.6024059066495765e-05,0.000262365391858057,0.00031851596653874125,0.0,0.0,0.0,0.0,,5.95
27,problems,problem,0.37334723076123016,-0.5242714700194768,-1.457666918551231,1.5191611466698467,7.981732295733843e-08,0.08444502808027787,-0.08444502808027785,-0.1473439413151234,0.14734394131512324,0.0004959152546817311,0.0004677211202994141,0.0008712375203545693,0.0009649204624664383,0.0,0.0,0.0,0.0,3.52,3.52
28,adopted,passed,1.114101731728048,-0.8931428024810744,-3.5003660845102162,4.279074391781107,5.317287136366132e-07,0.615458100689357,-0.6154581006893572,-0.28396513582917216,0.283965135829172,0.0001799529788197217,0.00011745937636478499,0.0011209240794374977,0.0013647660872860732,0.0,0.0,0.0,0.0,6.9,5.73
29,bad,good,0.6089305526741289,-0.7336951058335879,-4.378689885332891,5.148189970576601,7.627131173499225e-07,0.13423103366232053,-0.1342310336623206,-0.2167624547038167,0.21676245470381678,0.0004751680737769753,0.0004329519355324893,0.001845202401716714,0.0021443516779079473,-0.10000000149011612,0.5,-0.6999999999999998,0.7,3.24,7.89
30,cities,counties,1.1558184168502732,-0.9789663323604357,-0.7253229523421948,0.9359521003657223,6.053231012369774e-08,0.5203591320777486,-0.5203591320777488,-0.5834995638089855,0.5834995638089853,0.00022029471946785785,0.00015358909444867637,0.00010330367158826297,0.00015479845739709114,0.0,0.0,0.0,0.0,6.12,5.18
31,woman,man,3.416928584025472,-2.115451329270497,-2.7460576241938264,4.375678590866785,6.709919615898176e-07,0.8441935708847038,-0.8441935708847038,-0.6746785355229635,0.6746785355229634,0.0003848313902541847,0.00021435958260651879,0.0003678302281238987,0.0005871457114553731,0.0,0.0,0.0,0.0,7.09,5.42
32,undermine,destroy,5.41033207310525,-1.5519971917536444,-0.6984393714488428,0.9083442750723977,4.3220645292412213e-07,1.9630199051869706,-1.9630199051869701,-0.6048564331720526,0.6048564331720526,0.0002599160718901345,6.666613253136445e-05,9.552347874897957e-05,0.0001452747241783248,0.0,0.0,0.0,0.0,3.05,2.67
33,eliminates,provides,0.6626508832030067,-0.5269129996907754,-1.6645771184497815,1.914231842296044,1.1734021366877499e-07,0.7916458880422699,-0.7916458880422701,-0.2643919276236376,0.2643919276236377,8.687882003866468e-05,5.0188562359213146e-05,0.0005583008750411702,0.0006705917548959925,0.30000001192092896,0.10000000149011612,0.0,0.0,3.89,6.67
34,undocumented,illegal,2.3621355765593757,-0.42075987895958633,-2.1710864536667795,5.471791474480594,5.398397032342281e-07,2.9042957120648127,-2.9042957120648127,-1.3420015094425344,1.3420015094425346,7.809008368317787e-05,1.043075543007743e-05,0.0001450861886881183,0.00036779750668664333,0.0,-0.6000000238418579,0.0,-0.5,,2.53
35,cuts,increases,19.392443455686916,-6.695886256189484,-0.9869734964106273,1.162537606974939,5.790731849937581e-06,1.6218757095307277,-1.6218757095307277,-0.38481381582585716,0.38481381582585716,0.0011161695171468247,0.00036265771415588054,0.00021986248653234211,0.0002870725298799571,0.0,0.10000000149011612,0.0,0.0,3.9,5.9
36,tax,taxes,7.921174729875261,-6.89197328217232,-2.5980079337288076,3.60322043183075,2.1362961651839605e-06,0.29627282628487966,-0.29627282628487966,-0.48233327627233624,0.48233327627233624,0.002510120734185101,0.0020441257235580728,0.00048597389716486893,0.000678906125166344,0.0,0.0,0.0,0.0,3.0,3.0
37,workers,employees,10.706894422974699,-5.777315765256116,-1.1853645093186715,1.21212147797052,2.3252355971560506e-06,0.985197464429734,-0.9851974644297341,-0.15671733461853832,0.15671733461853826,0.0010177644854944068,0.0005141304234448311,0.0006575703725646196,0.0007330251171079053,0.0,0.0,0.0,0.0,5.95,5.29
38,parks,forests,0.952492254412619,-0.7015045232140551,-0.9640397698210982,3.029879460981904,1.5164722245114938e-07,0.7928546207591238,-0.7928546207591238,-1.7451998694302566,1.7451998694302566,0.00012073706665406468,6.968953990240138e-05,4.725746761638808e-05,0.00015842654624233547,0.0,0.10000000149011612,0.0,0.0,7.0,6.68
39,congress,body,10.648274310636483,-9.630161389585528,-0.9372875228247805,0.8952028041860081,3.436633325733818e-06,0.23208947065642882,-0.23208947065642885,-0.11631278895980536,0.11631278895980529,0.004296827611962018,0.003658322918954693,0.0006876826004055497,0.0007454210873291567,0.0,0.10000000149011612,0.0,0.0,3.55,5.95
40,oppose,support,5.192345464129158,-3.2177605006433105,-6.2010491770942195,6.997030813518931,2.0278744653195806e-06,0.8125710442199284,-0.8125710442199282,-0.14400743068619506,0.144007430686195,0.0006029649450444638,0.0003433079069812441,0.003954066894098032,0.004369125991885477,0.0,0.0,0.0,0.0,4.21,6.89
41,lives,life,1.3338997728150577,-1.4353719122309823,-6.835417091288058,10.252108114275144,2.456491761819174e-06,0.122650089971782,-0.12265008997178196,-0.5477245403542762,0.5477245403542761,0.001069632437756296,0.0009824562252184524,0.0011472902885039582,0.0016770840687141888,0.10000000149011612,0.30000001192092896,0.0,0.0,6.68,6.68
42,concerned,talking,0.6480510682553293,-0.7412766003948501,-1.2785725577623308,1.3367305832765537,7.241839441442723e-08,0.19760998777881988,-0.19760998777881988,-0.1730439440892064,0.1730439440892066,0.00034117586376709446,0.00029750328531003456,0.0006456119280153506,0.0007278853245771425,0.10000000149011612,0.0,0.0,0.0,4.61,6.64
43,colleagues,friends,11.213536207537395,-9.475680436729428,-0.897624984554823,0.8477877780260877,3.578931581818039e-06,0.3297161484974739,-0.32971614849747394,-0.11250576678348873,0.11250576678348864,0.003183971880654147,0.0025334642065604008,0.0006781734758242034,0.0007331762874764571,0.10000000149011612,0.20000000298023224,0.0,0.0,5.26,6.79
44,seniors,patients,6.62405434952784,-3.304340829247749,-1.2517241649576267,1.5510615950425242,8.922487594482101e-07,1.120063708535326,-1.1200637085353262,-0.4088906419138679,0.4088906419138678,0.0005562837880087634,0.0002559314339582767,0.0002671199541487302,0.0003546456846226327,0.0,0.20000000298023224,0.0,0.0,4.79,6.71
45,capacity,capability,0.9392751400255372,-0.7985281478597261,-0.5074410934140405,0.6850133002977559,3.6754777885660124e-08,0.5649289244670398,-0.5649289244670398,-0.7651754793515038,0.7651754793515038,0.0001672741460445932,0.00011307543567678142,5.2300185197405104e-05,8.888817670848593e-05,0.10000000149011612,0.20000000298023224,0.0,0.0,5.14,6.63
46,deny,give,1.693709085171411,-1.0199528384829966,-1.0478410506548999,0.9995762073059926,9.629677621736096e-08,0.9783886290665771,-0.9783886290665772,-0.08857724860324948,0.08857724860324964,0.00016828268956079658,8.541125823179345e-05,0.001019061184300954,0.001083589201779638,-0.10000000149011612,0.10000000149011612,0.0,0.0,3.81,7.73
47,brought,bringing,0.7740772983117842,-0.8712634549608351,-0.7748487005315353,0.7486849870900666,4.154386807093272e-08,0.16989536890981727,-0.1698953689098172,-0.1833594164168853,0.18335941641688533,0.00046580302684080083,0.00041405563946350844,0.00035385469654222295,0.0004018108396108089,0.0,0.10000000149011612,0.0,0.0,5.68,5.68
48,provide,deliver,1.0551839021995162,-1.205441526618182,-0.5248582367565828,0.5788128021100395,5.2203427110785916e-08,0.07335452565394154,-0.07335452565394143,-0.4923320049083242,0.4923320049083243,0.0014351574235574442,0.0013640102354433139,8.457357771591404e-05,0.00011897108005030345,0.0,0.20000000298023224,0.0,0.0,6.67,6.0
49,supported,sponsored,0.6797477927047363,-0.7558422821629133,-0.7267298206854187,1.0533759210284892,4.299430137285076e-08,0.22790293738873132,-0.22790293738873124,-0.7381639304870664,0.7381639304870662,0.0003087583936034136,0.00026364112275442084,8.183610245764765e-05,0.00013650684280231768,0.10000000149011612,0.0,0.0,0.0,6.89,5.3
50,protect,defend,2.495897755751557,-2.4330306574903378,-1.6985405222058072,3.464144738712237,4.1811698598830296e-07,0.19357099121323929,-0.19357099121323917,-1.063452306174221,1.0634523061742207,0.001235898040284686,0.001080716964777153,0.00014177240284916426,0.0002962939223616198,0.30000001192092896,0.10000000149011612,0.0,0.0,6.83,6.3
51,country,globe,8.214184229138107,-7.657201763879925,-0.4866385163505342,0.5941759793517558,2.096410092578574e-06,0.19458722230496653,-0.19458722230496633,-0.6542913732320464,0.6542913732320463,0.003961847086937316,0.003461952610205844,5.8207368649453615e-05,9.160924334241918e-05,0.0,0.6000000238418579,0.0,0.0,6.14,6.15
52,democracy,freedom,3.3048400882723605,-1.8442469382315245,-4.427391147643161,10.400951970871281,2.0078530313428652e-06,1.0034503427976282,-1.0034503427976282,-1.203904894197756,1.203904894197756,0.0003133688782489149,0.00015631016108260963,0.0003359890685409055,0.0007739922869854557,0.0,0.20000000298023224,0.0,0.0,6.16,7.72
53,ensure,ensures,1.268675700612021,-1.3815454528054405,-0.6913813871046083,0.761819432020235,7.541816495774196e-08,0.11283120489226509,-0.11283120489226511,-0.3898376903129182,0.38983769031291815,0.001108965634888229,0.001025539780255729,0.00014652696513983745,0.00019198636806084547,0.10000000149011612,0.30000001192092896,0.0,0.0,5.71,5.71
54,protecting,defending,0.6551379274138907,-0.7601628119772306,-0.5238122085479957,0.7745940713383938,3.033544979488467e-08,0.17101482794917408,-0.17101482794917394,-0.8710689743491548,0.8710689743491548,0.00039808653361000083,0.00035358749204276974,4.768970055190383e-05,8.722530265441561e-05,0.4000000059604645,0.0,0.0,0.0,6.83,6.3
55,rates,prices,1.8887650726255245,-1.60195919843949,-1.0482097633254284,1.3663373131563272,1.4909405706881737e-07,0.4338706175550626,-0.4338706175550628,-0.5099632455828921,0.5099632455828922,0.00042128303448267913,0.00031186447032246,0.0001770714259162834,0.0002521521747444805,0.0,0.10000000149011612,0.0,0.0,5.68,4.94
56,program,project,5.3046200903116265,-4.852595213454282,-0.7744035038206649,0.7364177756198385,8.739537092345979e-07,0.23794645601185443,-0.23794645601185452,-0.1627643465253866,0.16276434652538677,0.0021029573089292697,0.0017832056674375852,0.00039837468890034465,0.00044595258722794813,0.10000000149011612,0.0,0.0,0.0,5.5,5.0
57,consumers,taxpayers,1.0829999506850592,-1.0792342200110017,-2.520854981463222,3.912387400978451,3.776155623514839e-07,0.2799684262903085,-0.27996842629030844,-0.6434595392285319,0.6434595392285318,0.0003852636231897004,0.0003173066035903265,0.0003531343083163634,0.000551620674845689,0.0,-0.30000001192092896,0.0,0.0,5.95,4.05
58,children,babies,12.196316730446968,-8.832541597966763,-1.005061656523449,3.1305444338602495,3.822014891071963e-06,0.5524226892395719,-0.5524226892395718,-1.7259340427251855,1.7259340427251857,0.0020657852764749155,0.0014086054941661087,4.999494287465447e-05,0.00016538038319572043,0.0,0.0,0.0,0.0,6.36,6.67
59,policy,policies,0.677058660289151,-0.8343481325788517,-1.0563597070313984,1.1074483715935088,5.748179234767734e-08,0.06422018446889395,-0.06422018446889403,-0.21337083426680578,0.21337083426680578,0.001091820395112771,0.0010442849059561579,0.0004267579849992119,0.0004947806162701947,0.0,0.0,0.0,0.0,3.77,3.77
60,create,produce,1.1082825273387926,-1.2065900711719915,-0.8345110213267218,1.011216946090708,7.22941749867653e-08,0.13800319911749018,-0.13800319911749007,-0.4620358443782568,0.4620358443782568,0.0007986223871879242,0.0007257689394174166,0.00015243414859188596,0.00020997564191851524,0.10000000149011612,0.0,0.0,0.0,7.86,6.57
61,institute,foundation,0.5931657474805683,-0.6209459583911917,-1.0172408406707232,1.2053443819817058,5.2871068207436575e-08,0.37382895491063717,-0.37382895491063717,-0.38647068368413473,0.38647068368413473,0.00016669783546390552,0.00012864598363762164,0.00022620190291990636,0.0002956892408874124,0.20000000298023224,0.0,0.0,0.0,4.95,5.86
62,deficit,debt,9.740754230705717,-3.918149106114755,-2.902500440702515,3.7629958853119954,1.938030631731153e-06,1.4196581685692475,-1.4196581685692475,-0.3790883538446544,0.37908835384465445,0.0006430185304022562,0.00024036088599743645,0.0006930134732769106,0.0009012777373061107,0.10000000149011612,0.0,0.0,0.0,2.95,1.95
63,rape,murder,0.5659849494651098,-0.5194562327687323,-0.5240565282426779,0.7398155088485316,2.2871896223512633e-08,0.6138741407048982,-0.6138741407048982,-0.8103412997397982,0.8103412997397982,9.739648813621446e-05,6.364272516032751e-05,5.12916416812017e-05,8.994636928834887e-05,-0.5,0.10000000149011612,0.0,0.0,1.54,1.48
64,leaving,left,0.4880138645648752,-0.5512984111321034,-0.8061638686280792,0.764296259795672,2.9327127317037973e-08,0.3264638544193862,-0.32646385441938636,-0.14695191515843484,0.1469519151584347,0.00016093472965702892,0.00012834364290051795,0.00046133661984047145,0.0005108046753366904,0.0,0.0,0.0,0.0,4.68,4.68
65,difficult,tough,0.42574559399088346,-0.5634173544825235,-0.6024322502991704,0.607739224591184,2.015001968188143e-08,0.12138988923097305,-0.12138988923097312,-0.32384090718803893,0.3238409071880388,0.0003851195455445285,0.00035404100314842524,0.0001508492944949949,0.00018881179032125667,-0.10000000149011612,0.10000000149011612,-0.5,-0.3888888888888889,3.78,4.45
66,statement,comments,0.5366700126202563,-0.6378926905846781,-1.0261314625639697,1.3166983710799391,5.649992750815649e-08,0.2022780728755319,-0.2022780728755319,-0.4927566804448219,0.49275668044482196,0.00028210402924660935,0.00024519833779109557,0.00017908851294869021,0.00025200100437592867,0.0,0.0,0.0,0.0,5.32,5.65
67,nothing,something,2.2791074103073172,-2.096668415155237,-2.1531652755109087,2.3855500138206382,3.2863973055781507e-07,0.2891321324899521,-0.2891321324899523,-0.18336253623500287,0.1833625362350031,0.0007577043359591004,0.0006201008517996757,0.001052775353271182,0.0011954552745080047,-0.30000001192092896,0.0,0.0,0.0,,
68,sexual,sex,1.6248518076941116,-1.2433111626726066,-0.8417725580181555,1.0498824300720766,9.790192090777105e-08,0.6135870048330617,-0.6135870048330618,-0.4985052226328912,0.4985052226328914,0.00025789898485772765,0.0001685549609353092,0.00014263686872019574,0.00020151010127961183,-0.20000000298023224,0.0,0.5,0.0,6.64,6.73
69,homeowners,farmers,0.6567417601415203,-0.46115493342138386,-1.094100031410737,1.393131453316883,6.129417678071925e-08,1.0096993736543804,-1.0096993736543804,-0.4698355075307648,0.4698355075307647,6.757241558562808e-05,3.3559821818509995e-05,0.0002012764703051651,0.0002787581596096055,0.0,0.10000000149011612,0.0,0.0,6.9,6.14
70,investors,inventors,0.6860896722401859,-0.676012515717513,-0.31913082916418617,0.7312175116360293,2.4317392037302727e-08,0.4212906238796741,-0.4212906238796741,-1.679917180907541,1.679917180907541,0.0001684267672059685,0.00012577374663513656,1.3399221000988084e-05,4.29323846687245e-05,0.0,0.10000000149011612,0.0,0.0,5.42,6.21
71,commitments,promises,1.5155493476601387,-0.688088537703119,-0.9830943397743556,1.881679878458668,1.077611795088293e-07,1.453723026959269,-1.453723026959269,-1.0497710261200897,1.0497710261200897,0.00010186289513654382,3.718791066375432e-05,8.025124836075659e-05,0.00016613623503847967,0.0,0.10000000149011612,0.0,0.0,6.33,6.64
72,wars,war,0.7477545251379557,-0.6128966315769975,-2.5758992044681173,3.029759404160764,2.742912488015422e-07,0.6948880861586859,-0.694888086158686,-0.2508777580500959,0.25087775805009593,0.00011036347620168681,6.817783621688292e-05,0.0009261311031650689,0.0011020319867429634,0.10000000149011612,0.10000000149011612,0.0,0.0,2.23,2.23
73,require,include,0.889642630780449,-0.9614091929535626,-3.137710601509492,4.68077421978549,5.293470587888738e-07,0.19792260259488995,-0.19792260259489006,-0.572690149058174,0.572690149058174,0.0004541327375818757,0.00039591519523728683,0.0004969237981979344,0.0007390719318499791,0.0,0.10000000149011612,0.0,0.0,4.74,6.39
74,question,questions,2.469644222203458,-2.233992924656336,-0.7140860640545532,0.7600901566206915,2.0137006347319122e-07,0.30628199643469617,-0.3062819964346964,-0.33451378290301764,0.33451378290301764,0.0007731206439924953,0.0006252406443304385,0.0001770714259162834,0.00022327863435107776,0.10000000149011612,0.10000000149011612,0.0,0.0,6.36,6.36
75,programs,activities,4.944660489798574,-4.2673106275755,-0.9330064603449513,0.9974654522852755,7.350062267825591e-07,0.3268218870906458,-0.32682188709064586,-0.2673756774314521,0.26737567743145224,0.001428673929524708,0.0011390687270381658,0.00029766441492517614,0.000358273773467877,0.0,0.10000000149011612,0.0,0.0,5.5,6.21
76,ports,borders,2.478441850961196,-1.0969230149916454,-0.5778395030503007,0.6419423800843507,1.1986236627265164e-07,1.3940716483293527,-1.3940716483293527,-0.46302356989629223,0.46302356989629223,0.00017044385423837532,6.485208810874229e-05,0.0001005661963299966,0.00013862322796204355,0.20000000298023224,0.0,0.0,0.0,5.55,4.68
77,bridge,fence,2.167804650937104,-1.0567416494119986,-0.3392715862941008,1.541854792965516,1.1577549336226742e-07,1.2652545231825012,-1.2652545231825012,-2.564093564260468,2.564093564260468,0.00016496890372184254,6.863134732253846e-05,9.509124581346383e-06,5.623537710128702e-05,0.0,0.0,0.0,0.0,5.44,5.05
78,partners,allies,0.7586759121018699,-0.6787003351911555,-1.1699199825460815,1.7358849657225672,8.634359746943121e-08,0.5458830087631712,-0.545883008763171,-0.6678889766327687,0.6678889766327686,0.0001423487134298519,9.750488771594121e-05,0.00015214599330154213,0.00024172141931440308,0.0,0.10000000149011612,0.0,0.0,7.11,6.05
79,corporations,businesses,4.901550986613728,-1.731073115559314,-4.475499383154392,6.256394246741714,1.3171265771133915e-06,1.6570113611736543,-1.6570113611736548,-0.4620040621956102,0.4620040621956102,0.00027936655398834296,8.858583597138224e-05,0.0008852130519362451,0.0012193401927391965,0.0,0.0,0.0,0.0,3.82,5.48
80,agreement,treaty,1.0080519292251142,-1.0920702806264262,-0.7816126154130653,1.4044206487220636,7.543192084691781e-08,0.16519644211741505,-0.16519644211741516,-1.0104351834573215,1.0104351834573218,0.0006107451378837472,0.0005446668378923041,6.48349403273617e-05,0.00013061119842879565,0.0,0.0,0.0,0.0,6.75,5.42
81,hope,believe,2.4296366071670756,-2.2886053516271976,-2.8013465690457453,3.2191361522249644,4.832019322668635e-07,0.24731542569028328,-0.24731542569028328,-0.2115431513674187,0.21154315136741855,0.0009424118770694953,0.0007939467756342995,0.0011974293090237847,0.001386534620357539,0.20000000298023224,0.0,0.0,0.0,7.48,7.05
82,shutdown,takeover,4.848816459431955,-2.1203418564723684,-0.28316677018226943,0.97681858602659,4.2163704210116556e-07,1.3362390491730978,-1.3362390491730978,-2.2934969187371896,2.29349691873719,0.0003427607178639855,0.00013575099095955844,8.356503419971063e-06,4.096716987755049e-05,0.0,0.0,0.0,0.0,3.57,3.71
83,police,fire,1.21691217534086,-1.2197195780699432,-1.3149546995326546,1.744932081381461,1.260464188948425e-07,0.24779112484415314,-0.2477911248441533,-0.4952815874489208,0.4952815874489208,0.0004855416642293532,0.00040891584693274565,0.00023239724166229872,0.00032758618865185205,0.0,0.0,0.0,0.0,4.59,4.32
84,americans,hoosiers,12.267191834598295,-9.922081799105346,-0.17793185679111095,1.6913250221351774,4.119514993198796e-06,0.39146810353058276,-0.3914681035305828,-4.069328872510891,4.069328872510891,0.002931980079248468,0.0022352050694076074,2.305242322750638e-06,3.8699614349272785e-05,0.0,0.0,0.0,0.0,,
85,delta,lake,0.8559519759438983,-0.6133983183237423,-0.5949026381975173,0.7791695862658831,3.3511379580211474e-08,0.8713599315476936,-0.8713599315476936,-0.6657413939755844,0.6657413939755844,9.955765281379318e-05,5.4421332678664855e-05,7.232697787630127e-05,0.00011473830973085174,0.10000000149011612,0.20000000298023224,0.0,0.0,5.3,7.13
86,region,area,0.5079747954354542,-0.623027515060189,-1.2379394934050696,1.3210455935620642,6.459909796174308e-08,0.1721577526545379,-0.17215775265453775,-0.20661535716492804,0.20661535716492804,0.0003159622758620093,0.00028042103366367584,0.0005224255413933634,0.0006028674297847652,0.0,0.0,0.0,0.0,5.21,5.56
87,taking,takes,0.3938870620594745,-0.5476114107840734,-0.992451061093595,1.0844580522231575,4.2872450863842005e-08,0.07491131559583548,-0.07491131559583544,-0.28252550939426196,0.28252550939426185,0.0005845230064624587,0.0005549464229538297,0.000301266356054474,0.00036643697336967673,0.10000000149011612,0.0,0.0,0.0,4.82,4.82
88,enable,encourage,0.5665776936136648,-0.5143067217512579,-2.199141874928388,3.3856075111448916,2.651494372513879e-07,0.6322092050596448,-0.632209205059645,-0.6429582824244592,0.6429582824244591,9.465901287794809e-05,6.107282889494612e-05,0.0003068853842161787,0.0004792100683093544,0.10000000149011612,0.30000001192092896,0.0,0.0,5.13,7.16
